Student_ID,Name,Class,Math,Science,English,History,Geography
S0001,John Taylor,10,70.7,81.6,83.9,85.3,91.1
S0002,Ava Johnson,8,43.3,42.5,53.4,52.5,61.6
S0003,Sarah Taylor,9,50.5,41.2,60.4,43.2,49.5
S0004,John Davis,9,63.2,61.7,67.8,71.6,78.8
S0005,Emma Smith,10,75.6,85.1,89.1,73.4,81.8
S0006,David Clark,8,59.9,82.6,70.4,69.9,56.2
S0007,Ava Taylor,9,41.3,55.7,44.7,51.3,50.2
S0008,Ava Taylor,8,54.2,28.5,41.1,55.5,44.8
S0009,David Wilson,10,47.9,53.9,62.0,45.5,63.3
S0010,Noah Johnson,9,37.2,44.6,30.6,44.5,48.8
S0011,David Brown,9,63.5,54.8,69.5,64.8,72.8
S0012,Emma Clark,9,79.9,81.0,77.4,79.6,85.4
S0013,Noah Davis,8,67.8,73.9,79.5,69.0,66.5
S0014,Sarah Taylor,10,33.9,33.6,36.3,26.1,21.2
S0015,David Johnson,9,55.1,51.9,56.9,64.5,48.4
S0016,Sarah Wilson,8,63.1,67.7,66.9,54.3,55.8
S0017,John Lee,9,82.7,81.8,100.0,91.9,98.6
S0018,Olivia Smith,10,43.8,40.3,38.0,47.2,25.2
S0019,Noah Taylor,10,65.2,68.3,65.2,66.2,54.8
S0020,Michael Davis,9,90.5,92.8,95.8,84.8,90.7
S0021,Emma Taylor,8,87.1,68.6,74.3,78.0,70.9
S0022,Ava Brown,9,67.4,81.5,74.1,70.2,69.1
S0023,John Clark,9,69.0,75.0,70.7,67.4,64.5
S0024,Sarah Clark,9,70.4,81.2,72.5,82.0,84.5
S0025,Ava Taylor,8,77.0,84.8,78.3,84.3,83.1
S0026,Noah Wilson,9,51.5,61.1,47.3,58.8,48.0
S0027,Michael Johnson,9,80.3,85.3,93.0,94.7,78.9
S0028,Sarah Smith,10,50.2,45.6,35.0,37.8,43.2
S0029,David Wilson,9,81.7,71.4,74.1,62.8,64.5
S0030,Ava Davis,9,68.2,66.4,65.7,62.5,62.1
S0031,Olivia Davis,9,62.1,45.8,69.6,53.5,63.6
S0032,Michael Clark,8,59.4,57.4,57.8,46.2,61.7
S0033,Sarah Brown,8,61.6,53.2,49.6,53.8,46.7
S0034,Olivia Brown,10,42.2,50.2,40.5,43.9,47.9
S0035,John Johnson,10,68.5,71.3,62.3,66.0,60.7
S0036,Noah Wilson,10,65.4,47.4,36.8,50.6,32.0
S0037,Sarah Wilson,9,69.6,78.6,66.7,65.8,70.2
S0038,Ava Johnson,8,29.5,55.6,29.8,51.7,53.9
S0039,Michael Wilson,10,72.4,74.9,78.7,82.6,80.4
S0040,David Davis,9,56.4,51.3,42.5,40.3,64.3
S0041,Olivia Johnson,8,60.8,54.4,44.4,52.4,66.3
S0042,Emma Taylor,10,57.4,66.0,64.1,37.6,67.0
S0043,Ava Davis,10,94.7,91.7,76.1,77.9,100.0
S0044,John Brown,10,74.6,61.2,77.1,64.7,76.7
S0045,Noah Taylor,8,71.8,63.3,56.4,62.6,63.3
S0046,Sarah Taylor,10,80.7,86.6,86.2,65.8,81.2
S0047,Noah Johnson,9,43.9,30.2,37.7,27.6,27.2
S0048,Olivia Brown,9,67.6,68.3,56.6,54.9,65.6
S0049,Emma Davis,10,100.0,100.0,90.0,98.7,92.2
S0050,Ava Wilson,9,65.1,59.2,72.4,70.9,70.7
S0051,Noah Wilson,8,61.7,70.6,64.4,69.7,61.3
S0052,Noah Smith,8,87.8,63.0,72.8,74.3,68.7
S0053,Noah Taylor,9,81.5,74.7,89.9,67.4,83.0
S0054,Noah Davis,10,39.9,42.0,27.5,28.5,32.3
S0055,Sarah Davis,10,39.5,41.3,39.2,35.2,23.1
S0056,Michael Taylor,9,64.1,66.3,76.4,65.5,57.1
S0057,David Johnson,10,54.0,57.5,60.4,54.6,44.8
S0058,David Lee,10,97.9,85.9,85.1,97.8,79.3
S0059,John Wilson,9,64.8,60.5,58.0,66.9,63.7
S0060,Emma Smith,9,20.8,39.7,20.5,26.5,36.2
S0061,Sarah Davis,10,43.4,39.3,36.7,50.5,53.6
S0062,Ava Johnson,9,35.7,21.7,24.0,26.5,27.4
S0063,Noah Lee,8,59.9,59.2,60.6,55.2,70.2
S0064,John Taylor,10,48.0,49.7,63.0,69.2,67.3
S0065,David Davis,9,73.8,51.2,66.9,57.3,60.3
S0066,David Lee,9,88.1,95.2,73.2,71.4,91.5
S0067,John Lee,10,84.0,87.7,82.7,88.2,91.9
S0068,Noah Brown,10,59.7,52.1,64.2,64.4,65.7
S0069,David Smith,8,39.9,18.9,25.6,29.4,41.4
S0070,Michael Johnson,9,70.9,74.4,86.7,75.0,56.5
S0071,Olivia Wilson,8,83.5,86.8,81.6,68.5,72.0
S0072,Michael Johnson,9,74.7,68.9,72.7,75.2,67.9
S0073,Olivia Taylor,9,83.1,91.6,95.5,80.8,90.3
S0074,John Wilson,9,47.9,49.6,34.8,48.1,59.3
S0075,Noah Smith,10,96.1,100.0,97.5,100.0,85.9
S0076,Noah Brown,9,58.4,39.4,53.0,40.8,61.3
S0077,Olivia Brown,9,70.5,84.9,70.1,70.2,68.0
S0078,Sarah Davis,9,25.4,35.7,40.8,20.7,29.3
S0079,Emma Lee,8,55.4,57.4,41.7,55.0,48.6
S0080,David Taylor,8,94.7,83.1,95.2,80.0,87.1
S0081,Olivia Davis,10,65.1,62.6,69.7,62.3,48.8
S0082,Sarah Johnson,8,82.1,81.7,81.0,81.8,84.0
S0083,Sarah Taylor,8,66.6,68.0,54.4,74.0,74.6
S0084,Michael Wilson,10,70.0,67.0,56.0,54.1,72.2
S0085,Michael Smith,8,86.9,85.1,91.7,86.7,83.8
S0086,John Smith,9,57.7,56.4,61.8,75.0,61.3
S0087,Noah Davis,10,34.4,49.8,15.4,50.6,36.7
S0088,Ava Johnson,9,68.7,60.9,62.5,60.4,66.1
S0089,Ava Wilson,8,60.3,68.1,75.3,76.9,51.5
S0090,Olivia Lee,8,75.7,76.3,65.2,63.7,64.1
S0091,Olivia Wilson,10,26.9,34.4,48.3,46.1,40.4
S0092,Sarah Davis,8,52.9,44.3,48.4,52.5,45.1
S0093,Sarah Johnson,10,52.6,64.4,50.6,60.6,54.0
S0094,Emma Johnson,8,42.9,45.9,62.4,54.5,58.5
S0095,Emma Brown,8,46.5,50.8,57.6,42.0,38.1
S0096,Ava Davis,10,52.3,53.3,68.3,56.7,55.9
S0097,David Brown,10,36.9,52.0,56.6,55.7,58.8
S0098,Olivia Smith,10,84.5,81.0,81.4,81.7,75.9
S0099,Michael Smith,10,89.8,83.0,84.7,73.7,74.7
S0100,Michael Clark,8,75.0,56.5,53.0,52.3,61.7
S0101,Michael Clark,10,62.0,64.9,64.3,72.1,59.1
S0102,Sarah Davis,10,68.0,68.5,61.8,87.6,53.7
S0103,Sarah Brown,8,63.0,42.3,54.9,55.9,56.0
S0104,Noah Clark,8,60.5,45.7,45.2,36.5,43.4
S0105,Michael Taylor,10,59.4,61.4,54.4,44.2,60.4
S0106,Michael Davis,8,47.7,68.7,56.2,59.3,60.0
S0107,Noah Johnson,10,48.4,52.5,22.2,57.5,56.1
S0108,Ava Brown,8,71.5,58.5,69.4,58.3,59.9
S0109,John Smith,8,62.6,81.0,82.2,76.1,74.1
S0110,Sarah Clark,8,43.8,46.8,43.6,41.6,30.1
S0111,Emma Johnson,8,84.0,71.6,65.0,72.7,60.2
S0112,Ava Wilson,10,67.0,68.2,75.0,59.1,71.9
S0113,Ava Brown,10,82.7,73.8,73.4,58.4,82.8
S0114,Noah Lee,10,66.7,64.6,68.7,70.2,56.0
S0115,David Wilson,10,41.6,37.3,50.5,51.1,38.5
S0116,Sarah Taylor,8,48.3,30.0,48.1,44.5,44.6
S0117,John Taylor,10,59.3,68.6,58.7,69.1,70.6
S0118,Sarah Davis,9,74.2,83.3,62.4,78.1,67.8
S0119,Ava Johnson,9,40.1,34.4,26.2,23.2,17.1
S0120,Michael Davis,10,81.9,60.2,77.0,79.1,74.8
S0121,Emma Lee,10,76.5,89.6,81.6,87.5,68.8
S0122,John Davis,10,70.7,79.4,69.4,66.9,59.4
S0123,Ava Smith,9,73.5,74.8,75.4,86.2,75.5
S0124,Noah Johnson,9,56.9,53.7,64.5,45.7,57.5
S0125,Noah Smith,10,67.2,66.0,61.1,59.1,62.4
S0126,Emma Johnson,8,47.4,55.7,43.2,40.7,36.5
S0127,Emma Brown,8,28.6,19.7,31.9,23.4,34.6
S0128,Ava Wilson,9,91.8,82.1,92.5,86.7,82.8
S0129,Ava Smith,8,52.1,43.2,36.0,48.1,44.5
S0130,Emma Lee,8,63.1,53.7,54.4,50.2,58.4
S0131,Noah Wilson,10,36.6,42.8,50.0,43.7,46.3
S0132,Michael Clark,10,60.1,53.6,55.2,44.2,56.6
S0133,Olivia Lee,9,66.4,77.0,64.5,70.1,68.9
S0134,Sarah Brown,9,59.4,57.3,51.4,56.9,63.4
S0135,David Lee,9,58.6,68.4,77.5,75.1,66.6
S0136,Michael Smith,10,66.1,92.6,79.6,75.2,68.4
S0137,Emma Clark,9,80.4,67.1,67.7,69.0,68.7
S0138,Sarah Johnson,8,71.5,64.6,71.9,63.5,68.1
S0139,Sarah Taylor,9,75.3,76.4,100.0,93.0,82.6
S0140,John Smith,9,56.6,59.5,63.4,45.7,58.4
S0141,Michael Johnson,10,60.2,72.3,70.5,78.0,71.6
S0142,Ava Johnson,10,94.8,100.0,83.9,94.3,81.1
S0143,Sarah Clark,10,84.9,74.5,85.2,90.7,90.8
S0144,Emma Lee,9,44.3,54.3,47.1,45.7,44.4
S0145,David Johnson,9,69.8,61.0,59.5,59.7,66.2
S0146,Noah Brown,9,79.9,93.6,88.6,77.0,76.4
S0147,Olivia Brown,8,65.6,60.3,65.1,71.8,72.4
S0148,David Lee,10,67.0,80.3,78.9,69.3,68.1
S0149,Noah Johnson,10,68.5,68.2,52.8,63.8,66.9
S0150,Michael Smith,10,48.6,58.9,55.8,63.0,54.2
S0151,Michael Taylor,8,56.7,75.2,70.8,77.4,50.0
S0152,John Clark,8,68.0,55.2,77.3,55.8,52.7
S0153,David Wilson,10,59.9,60.1,61.3,59.3,64.2
S0154,Michael Lee,9,63.5,63.0,61.3,78.3,67.2
S0155,Michael Smith,10,39.7,39.7,50.1,60.7,68.0
S0156,Ava Davis,9,68.5,80.8,87.2,70.8,78.6
S0157,John Brown,9,100.0,100.0,89.5,100.0,100.0
S0158,Emma Davis,9,44.4,31.4,28.9,36.1,36.7
S0159,Ava Davis,10,64.4,73.4,92.4,70.8,79.4
S0160,Olivia Taylor,9,66.5,51.1,58.0,57.0,48.5
S0161,Michael Smith,10,69.2,77.3,65.8,94.9,73.5
S0162,David Clark,8,60.7,61.1,65.8,67.7,57.4
S0163,Olivia Wilson,9,89.9,70.5,78.1,82.9,88.9
S0164,Emma Smith,10,85.9,92.6,91.0,70.7,87.3
S0165,Emma Lee,10,64.1,68.0,83.2,64.6,62.8
S0166,David Brown,10,82.3,99.7,86.6,93.3,82.6
S0167,Michael Taylor,8,38.7,28.3,23.6,31.1,32.0
S0168,Sarah Taylor,10,100.0,83.4,97.1,55.7,88.8
S0169,Olivia Brown,10,64.9,81.2,65.8,76.8,67.1
S0170,Emma Clark,10,82.3,87.7,74.4,98.0,77.4
S0171,Ava Brown,8,46.6,51.7,31.8,29.9,48.6
S0172,David Lee,10,44.2,61.6,39.6,64.3,49.2
S0173,Olivia Brown,10,67.3,62.5,60.6,45.6,64.1
S0174,Olivia Clark,10,65.2,64.1,55.7,72.6,54.4
S0175,Emma Wilson,8,79.1,68.6,72.4,69.9,70.6
S0176,David Smith,10,92.4,72.4,73.2,64.0,81.3
S0177,Michael Johnson,8,34.5,35.0,12.0,40.7,34.6
S0178,Olivia Clark,9,79.3,91.7,72.6,90.2,82.6
S0179,Emma Clark,9,70.8,67.4,61.8,68.4,71.5
S0180,John Davis,9,57.5,51.4,57.3,66.8,67.8
S0181,Noah Clark,10,46.6,29.4,54.0,38.6,46.3
S0182,Emma Clark,8,72.7,86.8,68.5,58.6,71.5
S0183,John Lee,9,19.0,26.1,33.8,32.3,22.2
S0184,Sarah Brown,9,68.1,70.6,75.6,89.8,67.4
S0185,John Taylor,9,53.1,39.3,41.2,50.6,36.8
S0186,Michael Davis,8,65.0,54.4,59.6,50.4,66.4
S0187,Sarah Brown,8,76.6,74.9,63.0,51.4,57.2
S0188,Olivia Smith,8,80.0,81.0,78.0,77.3,84.9
S0189,Ava Davis,9,64.9,73.5,63.9,49.8,54.8
S0190,Sarah Brown,9,73.4,54.7,52.4,54.6,41.0
S0191,John Clark,9,48.8,68.7,49.7,60.4,63.8
S0192,Olivia Wilson,9,70.6,87.8,93.7,74.3,82.0
S0193,John Smith,8,84.3,80.8,77.4,80.2,67.3
S0194,John Taylor,8,52.6,65.0,55.6,64.0,50.5
S0195,Olivia Wilson,9,61.5,66.6,62.8,57.2,65.0
S0196,Ava Wilson,10,35.6,43.1,39.7,38.9,51.3
S0197,Michael Lee,8,73.8,69.8,64.7,56.0,68.4
S0198,Ava Taylor,10,29.6,52.6,37.8,34.6,35.5
S0199,John Wilson,9,76.0,70.2,72.5,77.5,86.0
S0200,Michael Brown,8,71.1,67.5,59.9,68.8,53.0
S0201,Olivia Taylor,9,95.5,100.0,90.6,100.0,100.0
S0202,Michael Clark,8,42.2,51.0,44.9,49.8,67.4
S0203,Sarah Lee,8,61.0,60.3,68.3,61.6,42.1
S0204,Sarah Wilson,9,82.7,96.7,88.6,96.5,93.4
S0205,Olivia Smith,9,81.1,83.1,100.0,92.5,78.7
S0206,Emma Wilson,10,55.2,41.6,61.3,53.5,52.1
S0207,Michael Wilson,8,65.8,69.1,79.4,71.5,65.6
S0208,John Davis,10,63.3,56.6,71.8,63.9,71.9
S0209,Olivia Smith,8,69.8,56.0,84.7,64.7,69.0
S0210,Michael Lee,8,49.0,55.3,47.9,58.4,46.9
S0211,Olivia Davis,10,69.5,67.9,43.5,59.5,62.6
S0212,Noah Lee,10,51.3,44.0,36.3,42.9,43.9
S0213,Sarah Wilson,9,63.8,72.1,72.0,67.8,58.1
S0214,Noah Taylor,8,76.5,57.1,73.8,70.2,59.4
S0215,John Davis,8,59.8,50.9,64.0,59.1,77.7
S0216,John Davis,9,42.5,55.3,50.1,35.5,34.4
S0217,Noah Wilson,9,93.7,72.8,84.3,68.1,80.1
S0218,Sarah Smith,10,75.3,76.1,77.6,74.3,68.1
S0219,David Clark,8,39.6,48.3,46.3,55.6,58.2
S0220,John Johnson,8,64.5,61.5,52.1,67.7,75.1
S0221,Olivia Brown,10,51.3,36.3,54.3,37.1,46.0
S0222,Emma Johnson,8,47.2,53.5,49.8,64.2,36.8
S0223,David Davis,8,64.8,57.9,51.8,53.8,45.7
S0224,Michael Clark,9,79.5,81.5,80.1,78.1,81.9
S0225,David Brown,9,43.3,46.8,50.0,47.2,53.0
S0226,Olivia Clark,9,76.8,77.8,70.0,61.8,61.9
S0227,Sarah Smith,10,42.7,47.1,46.5,69.0,63.3
S0228,David Lee,10,67.4,72.8,57.4,80.3,60.7
S0229,Emma Davis,8,73.4,84.1,61.6,67.9,75.1
S0230,Noah Smith,10,64.1,90.2,74.6,72.2,93.9
S0231,Ava Wilson,9,46.6,62.6,65.7,71.3,54.9
S0232,Ava Johnson,8,32.0,39.6,42.6,37.4,43.8
S0233,John Clark,10,42.8,27.8,45.4,41.1,33.4
S0234,Emma Lee,8,54.0,46.3,50.9,68.4,61.9
S0235,Emma Clark,9,56.6,55.7,44.4,50.7,41.4
S0236,Ava Taylor,10,79.6,65.6,74.9,89.6,63.3
S0237,Sarah Johnson,8,61.9,52.4,63.7,59.9,55.6
S0238,Ava Taylor,8,100.0,100.0,100.0,100.0,99.7
S0239,Noah Smith,9,40.7,29.1,46.2,32.7,35.0
S0240,Ava Smith,10,61.8,58.8,68.7,53.9,76.3
S0241,Michael Taylor,8,54.2,46.9,53.7,45.1,41.1
S0242,Michael Taylor,9,48.6,50.4,53.6,66.7,71.4
S0243,Sarah Wilson,9,74.3,61.7,53.2,72.5,57.1
S0244,Michael Lee,8,37.7,21.9,30.3,28.4,41.1
S0245,Noah Lee,10,70.9,73.4,75.0,61.2,61.1
S0246,Olivia Taylor,10,94.4,94.0,100.0,97.7,95.8
S0247,Noah Lee,9,61.3,56.7,61.5,66.2,54.2
S0248,Michael Johnson,8,46.7,74.3,66.8,73.0,66.8
S0249,John Brown,8,84.2,80.7,75.3,83.1,88.2
S0250,Olivia Johnson,9,61.9,60.6,67.2,56.4,74.8
S0251,John Davis,9,55.7,59.9,59.5,63.0,65.6
S0252,Olivia Taylor,9,34.6,34.3,24.5,3.9,25.7
S0253,Michael Johnson,8,75.1,74.5,84.5,78.7,77.1
S0254,David Wilson,9,54.5,64.2,56.5,84.2,57.3
S0255,Michael Wilson,8,48.1,42.9,44.5,37.1,41.3
S0256,Olivia Davis,10,68.0,60.5,80.5,65.5,58.3
S0257,Noah Taylor,10,57.0,62.2,63.0,56.0,52.6
S0258,Olivia Smith,9,58.2,60.5,54.1,53.2,58.9
S0259,Olivia Smith,8,83.4,78.7,77.4,83.4,59.8
S0260,Sarah Lee,10,35.3,46.2,45.2,47.8,43.6
S0261,Michael Wilson,8,83.6,82.5,60.2,83.4,94.3
S0262,Emma Taylor,10,53.4,48.6,35.8,49.4,52.0
S0263,Michael Brown,8,40.9,62.3,54.4,54.9,50.1
S0264,Olivia Wilson,9,97.6,100.0,93.3,100.0,85.0
S0265,Olivia Clark,8,78.8,82.6,85.4,84.6,87.1
S0266,David Wilson,8,64.0,78.1,76.0,68.5,48.4
S0267,Emma Brown,10,43.1,52.2,47.8,36.7,59.2
S0268,David Wilson,10,55.6,62.0,48.5,52.6,55.2
S0269,Sarah Smith,8,81.3,68.8,69.2,75.8,81.2
S0270,David Smith,10,55.9,68.0,63.4,55.3,52.2
S0271,Ava Smith,8,54.6,58.1,62.7,46.7,71.3
S0272,Emma Wilson,8,54.5,70.5,62.6,65.2,64.1
S0273,Noah Smith,8,75.8,84.7,79.9,72.9,59.3
S0274,Sarah Lee,9,38.6,39.3,24.4,42.7,31.4
S0275,David Davis,8,56.9,57.7,54.0,54.4,61.9
S0276,Noah Johnson,9,76.8,76.5,80.0,65.2,85.4
S0277,Noah Brown,8,36.0,39.6,37.3,47.1,57.8
S0278,Olivia Lee,8,60.5,74.7,69.6,67.7,70.4
S0279,Ava Clark,9,71.9,46.9,58.8,38.0,47.5
S0280,Noah Taylor,10,78.3,63.4,66.8,76.3,59.2
S0281,David Smith,10,52.4,46.5,57.0,65.3,48.2
S0282,Sarah Wilson,9,94.2,83.0,88.1,98.1,100.0
S0283,Olivia Wilson,8,66.9,59.8,72.7,78.2,67.3
S0284,Emma Wilson,10,30.2,49.5,43.8,49.6,56.3
S0285,Ava Lee,10,84.3,98.5,74.6,80.3,80.3
S0286,Olivia Johnson,10,62.3,50.1,55.0,60.0,55.6
S0287,Michael Smith,10,64.5,42.8,62.2,41.6,53.7
S0288,John Brown,10,66.7,77.6,60.6,58.4,75.7
S0289,Olivia Lee,10,56.2,51.7,49.1,51.6,57.4
S0290,Olivia Smith,9,85.7,90.1,65.7,78.6,76.7
S0291,John Taylor,9,56.1,50.8,59.9,56.1,58.6
S0292,John Smith,8,52.3,50.4,57.5,58.1,54.3
S0293,Sarah Clark,8,41.9,53.5,58.9,63.8,48.5
S0294,Ava Smith,10,57.3,62.4,44.9,65.5,61.1
S0295,Noah Taylor,10,91.6,81.2,97.3,76.0,82.5
S0296,Noah Clark,10,65.9,71.5,70.6,77.4,79.4
S0297,Emma Clark,8,97.9,91.2,94.1,86.0,89.1
S0298,Michael Taylor,9,100.0,91.5,100.0,100.0,92.0
S0299,David Taylor,8,54.9,52.1,41.0,51.5,62.8
S0300,Ava Davis,10,73.5,52.2,62.2,39.3,78.9
S0301,David Taylor,8,41.0,43.0,48.0,65.9,53.7
S0302,Ava Wilson,8,40.0,59.0,75.8,57.5,49.9
S0303,Noah Lee,9,51.1,57.7,57.7,50.6,52.9
S0304,Michael Lee,10,55.6,53.2,61.3,63.9,59.5
S0305,Olivia Taylor,10,44.2,48.0,58.2,45.8,45.7
S0306,Noah Johnson,8,57.5,72.4,66.0,64.2,58.0
S0307,Noah Johnson,8,31.4,53.3,38.0,42.0,60.9
S0308,Ava Davis,8,92.9,82.4,87.4,92.1,78.5
S0309,Emma Brown,8,57.3,58.1,38.7,49.9,64.9
S0310,John Wilson,9,100.0,100.0,100.0,100.0,99.2
S0311,Sarah Johnson,8,65.9,54.7,59.8,67.8,62.3
S0312,Emma Johnson,8,71.2,55.8,45.4,71.2,83.1
S0313,David Wilson,9,42.7,48.0,42.0,44.2,44.9
S0314,Michael Brown,8,91.4,97.1,97.9,100.0,90.6
S0315,David Brown,8,79.9,92.0,81.4,100.0,74.0
S0316,Ava Brown,8,91.2,62.7,75.9,72.7,78.8
S0317,Sarah Johnson,8,48.3,36.6,37.1,44.8,37.7
S0318,Emma Davis,9,65.1,72.4,58.3,70.1,68.0
S0319,Emma Brown,10,51.2,46.9,46.9,57.9,37.6
S0320,Noah Clark,10,80.7,73.7,89.1,84.0,100.0
S0321,Ava Clark,8,90.4,81.3,75.6,76.1,87.6
S0322,Noah Johnson,8,61.6,52.1,76.7,54.6,66.7
S0323,Noah Brown,9,30.4,18.9,19.6,16.9,17.2
S0324,Sarah Lee,9,58.2,60.5,52.2,45.5,62.0
S0325,Olivia Taylor,10,79.5,91.0,76.9,76.0,73.5
S0326,Sarah Davis,10,85.6,75.1,72.4,99.0,76.0
S0327,Emma Taylor,9,83.2,80.5,72.6,87.4,69.0
S0328,David Lee,8,39.5,40.3,40.0,32.6,34.8
S0329,Noah Davis,8,65.6,84.5,86.1,64.4,58.6
S0330,John Brown,8,78.1,77.7,86.3,92.6,76.7
S0331,Emma Davis,8,50.7,35.1,25.1,47.9,44.8
S0332,John Wilson,10,64.4,77.7,40.4,65.5,62.3
S0333,David Davis,8,63.5,66.8,75.6,66.2,72.6
S0334,David Taylor,10,56.5,66.4,59.8,69.6,54.8
S0335,Olivia Wilson,9,44.6,23.9,44.9,27.8,36.3
S0336,Olivia Lee,9,65.6,58.8,53.1,63.3,75.6
S0337,Ava Smith,9,64.6,46.9,63.0,78.3,57.4
S0338,David Davis,10,61.0,54.6,69.8,64.7,66.1
S0339,David Smith,8,61.0,63.1,52.8,50.2,43.9
S0340,David Clark,8,53.2,57.9,54.9,61.6,70.5
S0341,Ava Wilson,9,62.7,62.2,65.0,61.0,60.9
S0342,Olivia Clark,9,80.2,66.5,76.8,61.3,80.9
S0343,Emma Taylor,9,67.5,58.8,60.4,66.1,59.5
S0344,Sarah Lee,10,51.0,61.3,66.6,67.8,63.7
S0345,Sarah Taylor,9,60.0,74.7,63.2,64.4,72.2
S0346,Olivia Taylor,8,35.5,13.7,24.0,31.6,31.0
S0347,Olivia Clark,8,86.8,66.4,88.8,65.3,81.8
S0348,John Brown,10,50.1,66.7,60.6,64.2,59.3
S0349,Ava Lee,8,68.3,65.2,61.5,61.5,72.3
S0350,John Smith,9,69.8,84.0,80.2,72.7,77.7
S0351,David Lee,9,29.1,36.3,34.7,49.3,37.0
S0352,Emma Wilson,10,30.9,31.4,30.7,37.6,30.1
S0353,Emma Lee,10,66.4,65.6,69.6,74.4,70.2
S0354,John Lee,9,61.0,63.3,65.0,72.4,56.7
S0355,Sarah Johnson,8,68.2,77.3,69.5,74.3,70.1
S0356,Ava Lee,9,53.7,52.1,39.1,54.7,58.4
S0357,Ava Taylor,9,64.3,75.5,91.1,78.2,71.7
S0358,Olivia Taylor,8,86.6,81.8,79.1,78.2,79.9
S0359,David Johnson,9,79.2,85.6,77.8,76.7,74.2
S0360,Emma Lee,8,68.0,58.8,50.2,64.0,56.3
S0361,Emma Clark,9,19.4,39.3,27.9,28.6,30.6
S0362,Noah Smith,10,80.1,87.6,72.3,67.1,69.7
S0363,Noah Smith,10,90.4,84.4,96.7,86.1,100.0
S0364,Ava Smith,8,67.5,74.0,71.0,74.1,84.2
S0365,Sarah Davis,10,51.4,48.7,57.4,36.2,53.5
S0366,Ava Johnson,8,75.3,74.1,71.0,80.2,85.6
S0367,Olivia Taylor,9,93.9,86.0,75.5,86.9,63.3
S0368,Emma Davis,8,100.0,92.2,88.4,100.0,69.9
S0369,Ava Brown,8,38.1,53.3,61.7,48.3,48.2
S0370,Ava Clark,8,81.7,52.8,46.7,57.5,50.7
S0371,Noah Taylor,8,70.0,69.6,66.8,68.5,75.5
S0372,Ava Brown,10,74.2,83.5,50.7,68.0,68.0
S0373,Noah Brown,8,55.3,46.1,38.8,49.1,54.9
S0374,David Brown,9,64.1,65.8,65.5,65.5,62.9
S0375,Michael Wilson,10,78.6,86.1,61.7,73.3,77.9
S0376,Olivia Wilson,10,65.9,69.1,60.9,51.0,66.9
S0377,John Clark,10,73.3,73.5,52.8,76.3,71.7
S0378,David Johnson,8,63.1,60.2,53.1,55.1,57.1
S0379,Ava Johnson,10,98.6,86.5,98.7,88.8,100.0
S0380,Emma Davis,9,51.6,49.6,54.2,39.6,50.2
S0381,Emma Lee,8,54.7,44.9,57.5,51.3,70.2
S0382,Olivia Clark,9,74.3,64.9,57.6,63.3,59.3
S0383,Michael Taylor,10,84.1,81.8,67.2,79.4,85.4
S0384,David Johnson,9,47.3,56.2,32.3,45.3,41.0
S0385,Emma Johnson,8,39.1,45.1,44.1,55.9,41.8
S0386,Ava Clark,10,24.4,14.1,39.7,38.7,37.9
S0387,John Davis,10,61.4,65.2,73.1,73.6,63.5
S0388,Noah Clark,10,42.5,69.4,52.6,59.1,26.2
S0389,Sarah Smith,10,65.5,66.2,53.3,63.8,34.7
S0390,Michael Taylor,10,83.8,69.5,76.2,75.7,86.2
S0391,Olivia Davis,9,53.9,59.9,52.6,63.2,65.0
S0392,John Smith,8,80.5,63.2,67.5,77.7,84.2
S0393,Sarah Lee,9,71.6,49.8,76.9,65.8,60.5
S0394,John Davis,8,78.1,73.4,62.1,64.5,65.8
S0395,David Smith,9,66.4,73.7,71.1,66.3,69.6
S0396,John Johnson,9,66.9,39.4,64.0,52.1,54.4
S0397,Ava Taylor,10,62.2,53.5,51.0,68.9,54.6
S0398,Sarah Brown,8,83.1,82.2,76.9,81.9,95.3
S0399,Olivia Johnson,8,69.0,68.4,67.5,80.8,89.6
S0400,Michael Johnson,10,35.9,46.2,41.3,53.6,46.9
S0401,John Brown,8,64.1,66.2,63.1,85.5,75.8
S0402,David Clark,9,53.1,53.8,52.8,57.7,37.7
S0403,Ava Taylor,10,81.7,78.5,93.3,79.7,100.0
S0404,David Smith,9,100.0,94.9,85.9,85.6,82.4
S0405,Sarah Clark,9,61.3,56.3,63.1,65.2,67.7
S0406,John Clark,10,57.9,59.2,68.6,54.7,71.8
S0407,Ava Brown,9,66.1,65.4,54.9,59.8,57.4
S0408,Noah Taylor,10,88.5,89.6,73.6,86.9,77.4
S0409,John Smith,9,60.0,62.0,76.7,63.2,47.9
S0410,Ava Clark,8,73.7,73.7,69.9,85.3,77.9
S0411,John Davis,9,64.6,79.5,69.9,80.8,78.5
S0412,Emma Davis,8,51.0,48.2,57.9,76.0,65.7
S0413,David Smith,10,47.0,51.6,44.7,57.0,53.9
S0414,Ava Clark,9,31.1,36.6,36.7,46.5,45.2
S0415,Noah Smith,9,49.3,38.1,40.0,38.1,38.7
S0416,Emma Wilson,9,18.2,39.4,32.6,45.0,42.2
S0417,Sarah Wilson,9,66.5,68.1,84.6,73.1,70.1
S0418,Noah Taylor,8,90.0,96.9,99.0,89.2,90.5
S0419,Noah Wilson,8,81.6,77.8,92.4,98.5,88.2
S0420,John Clark,9,42.6,41.8,30.6,48.6,40.4
S0421,Michael Davis,8,79.4,73.1,72.7,86.1,63.3
S0422,Olivia Smith,10,95.3,99.4,90.3,85.3,86.3
S0423,John Smith,8,64.1,60.7,53.1,57.7,64.5
S0424,Emma Smith,10,76.1,76.9,64.8,66.5,64.0
S0425,Noah Lee,9,33.3,27.2,36.8,39.5,31.5
S0426,Olivia Taylor,9,72.1,70.1,66.9,82.1,71.0
S0427,Olivia Wilson,8,52.5,40.5,50.2,51.3,47.4
S0428,Michael Taylor,9,69.7,65.3,81.3,84.4,60.4
S0429,Emma Smith,10,37.2,38.3,39.0,47.6,40.1
S0430,Ava Taylor,8,71.4,68.3,83.5,72.2,82.0
S0431,Olivia Clark,8,75.3,72.1,86.3,88.4,73.4
S0432,John Taylor,9,56.2,41.6,41.1,66.5,49.9
S0433,Noah Davis,8,46.5,28.5,38.4,63.2,36.2
S0434,Noah Taylor,8,25.6,22.5,24.2,40.4,38.4
S0435,Sarah Smith,9,55.8,66.2,54.3,61.3,60.4
S0436,Sarah Wilson,9,46.4,43.3,55.4,54.4,49.3
S0437,John Smith,9,48.4,29.6,45.5,45.2,41.3
S0438,Ava Lee,10,73.3,87.0,82.7,86.0,63.0
S0439,David Davis,10,51.3,53.1,60.7,61.7,49.9
S0440,David Davis,8,54.7,50.8,44.6,51.8,36.5
S0441,John Taylor,9,52.0,61.7,39.9,56.9,48.0
S0442,Sarah Wilson,8,71.3,87.8,83.1,79.9,93.4
S0443,Noah Davis,8,83.2,62.9,75.3,73.7,69.2
S0444,John Wilson,8,59.0,61.5,64.8,64.4,67.0
S0445,John Brown,9,72.0,62.4,92.2,89.1,68.6
S0446,John Davis,10,47.2,66.4,56.8,44.9,52.9
S0447,David Clark,10,75.1,53.2,72.2,66.3,57.7
S0448,Ava Lee,9,67.9,59.4,60.1,60.8,68.1
S0449,David Smith,10,48.3,49.6,53.8,63.6,58.3
S0450,John Lee,8,76.7,60.4,71.6,83.3,91.0
S0451,John Smith,10,49.0,63.7,46.7,65.9,58.0
S0452,Emma Clark,10,88.7,92.9,77.6,75.2,68.8
S0453,Sarah Davis,8,74.2,70.4,77.1,78.8,79.7
S0454,Sarah Wilson,9,0.8,8.2,10.0,17.5,35.8
S0455,Michael Smith,10,87.3,66.5,94.0,88.7,71.4
S0456,Noah Wilson,9,32.2,14.7,17.5,19.1,9.9
S0457,Sarah Clark,10,68.2,53.0,41.7,56.0,53.6
S0458,David Johnson,10,96.5,76.6,81.4,82.9,78.5
S0459,David Taylor,9,52.2,62.1,62.6,63.9,57.7
S0460,Michael Davis,8,49.2,45.1,49.7,39.6,31.5
S0461,Noah Lee,9,42.1,50.5,45.2,46.0,59.1
S0462,Sarah Wilson,8,83.6,79.3,88.5,95.5,70.4
S0463,Emma Clark,9,24.5,25.8,36.2,56.3,33.1
S0464,David Brown,9,78.3,88.8,72.9,73.8,91.8
S0465,Sarah Lee,9,59.1,64.6,53.2,54.4,64.3
S0466,David Davis,8,53.5,53.4,55.3,38.7,38.5
S0467,Michael Davis,8,62.5,62.4,65.6,55.2,45.3
S0468,Sarah Clark,10,51.3,37.8,51.7,56.3,47.3
S0469,Emma Wilson,8,68.5,67.8,91.2,84.0,73.2
S0470,Sarah Lee,8,74.6,71.1,85.6,78.5,78.8
S0471,Ava Johnson,10,31.9,29.4,43.4,42.1,26.7
S0472,Olivia Johnson,8,65.9,65.0,51.7,53.4,65.4
S0473,Emma Smith,9,61.0,54.4,65.4,49.6,52.5
S0474,Olivia Wilson,8,94.5,94.9,90.4,85.9,87.6
S0475,Olivia Brown,8,37.8,47.0,40.7,31.1,55.3
S0476,John Brown,9,69.2,92.7,85.7,81.8,87.6
S0477,David Johnson,9,50.7,74.5,66.9,55.9,59.1
S0478,Noah Lee,8,58.2,50.6,33.4,52.9,42.4
S0479,Sarah Davis,8,51.4,55.1,60.2,56.5,53.0
S0480,Olivia Johnson,8,46.6,64.4,44.9,57.5,51.8
S0481,Emma Johnson,9,58.1,45.9,48.0,30.3,38.4
S0482,Noah Wilson,10,77.0,64.5,62.7,55.0,50.7
S0483,Olivia Lee,8,45.9,39.1,43.6,51.1,41.3
S0484,David Brown,8,28.2,36.1,24.5,8.3,33.4
S0485,Olivia Smith,9,58.3,69.2,58.0,69.1,60.4
S0486,Michael Johnson,9,38.4,36.1,51.7,22.0,46.2
S0487,Sarah Johnson,8,66.2,63.8,64.4,60.1,69.0
S0488,Emma Wilson,8,54.2,35.1,53.7,43.7,56.9
S0489,John Lee,9,57.3,51.0,51.3,59.9,62.5
S0490,Michael Lee,9,100.0,97.1,100.0,100.0,100.0
S0491,David Davis,9,56.9,60.5,75.3,48.1,80.0
S0492,David Davis,8,75.4,88.4,62.7,74.9,84.1
S0493,David Davis,10,34.6,36.4,36.4,22.5,44.6
S0494,David Brown,9,34.8,51.7,40.4,58.4,60.6
S0495,Emma Taylor,9,51.8,69.1,77.8,67.2,67.2
S0496,Michael Lee,8,40.9,33.0,65.5,50.0,48.7
S0497,Emma Johnson,10,84.2,73.9,80.6,72.6,77.2
S0498,David Davis,10,47.1,54.0,29.2,52.4,51.1
S0499,David Brown,8,62.3,55.8,65.7,49.2,55.1
S0500,Olivia Lee,10,71.6,49.4,48.8,66.0,54.5
S0501,Noah Davis,10,57.9,78.5,62.7,64.8,49.2
S0502,David Clark,8,54.9,65.9,60.2,43.9,68.9
S0503,Emma Clark,10,63.5,65.2,63.1,73.8,59.3
S0504,Noah Lee,8,55.7,58.0,57.7,61.1,65.3
S0505,Ava Lee,8,53.9,51.7,48.5,68.9,65.3
S0506,Michael Taylor,8,60.4,66.7,74.2,82.9,75.6
S0507,Emma Brown,9,80.5,61.3,65.9,62.8,80.8
S0508,David Taylor,9,58.5,55.6,55.1,63.3,54.0
S0509,Sarah Johnson,9,74.8,53.6,55.9,59.5,77.7
S0510,John Smith,8,77.9,69.9,80.9,90.4,86.8
S0511,John Smith,8,69.9,49.1,60.2,65.1,63.3
S0512,Noah Taylor,10,60.1,62.2,49.2,61.9,71.9
S0513,Noah Smith,10,66.8,69.0,75.0,65.5,57.7
S0514,John Brown,10,87.9,100.0,70.6,92.1,90.2
S0515,David Brown,8,44.9,38.6,40.4,54.4,55.5
S0516,Sarah Wilson,10,80.3,80.1,72.8,77.7,62.8
S0517,Ava Brown,10,28.8,37.6,36.3,31.9,39.6
S0518,John Davis,9,67.9,66.8,73.4,64.4,73.1
S0519,Olivia Smith,8,85.7,96.6,99.6,86.2,100.0
S0520,Sarah Taylor,10,91.6,79.4,67.5,62.0,60.6
S0521,Ava Taylor,9,67.4,70.7,72.8,62.1,81.0
S0522,Sarah Brown,8,68.8,54.4,58.0,68.4,52.0
S0523,Ava Wilson,8,64.3,63.0,52.2,64.2,62.3
S0524,Emma Lee,9,63.4,50.4,76.6,67.0,51.6
S0525,Ava Smith,8,42.3,46.4,41.3,33.0,44.1
S0526,David Brown,8,57.2,55.8,64.1,65.3,64.0
S0527,David Clark,9,70.3,59.6,71.7,67.3,59.7
S0528,John Clark,10,65.8,56.6,55.3,49.3,59.0
S0529,Sarah Taylor,8,54.3,62.1,48.5,53.9,47.2
S0530,Sarah Brown,9,54.7,36.4,50.3,39.7,33.9
S0531,Noah Davis,10,76.8,73.9,59.2,54.7,67.4
S0532,Emma Davis,10,87.1,65.9,73.6,81.5,76.8
S0533,Noah Johnson,10,68.6,66.7,64.6,71.1,66.9
S0534,Olivia Davis,8,100.0,75.3,75.4,78.3,81.1
S0535,Michael Smith,10,62.9,71.6,70.2,59.1,72.4
S0536,Ava Wilson,10,65.5,66.2,80.3,59.9,80.3
S0537,Noah Lee,8,60.6,78.4,67.5,72.1,67.8
S0538,Sarah Wilson,9,82.6,62.0,70.2,76.8,55.6
S0539,Ava Wilson,9,63.5,51.7,57.3,58.5,57.5
S0540,Sarah Taylor,9,98.2,90.8,93.7,89.8,100.0
S0541,Olivia Clark,8,68.2,60.2,56.1,60.0,46.5
S0542,Olivia Lee,10,60.2,61.9,52.4,54.3,47.6
S0543,Emma Taylor,10,88.1,74.5,66.8,79.3,66.6
S0544,Noah Clark,9,57.0,87.3,72.9,74.3,67.8
S0545,Ava Wilson,10,40.8,54.4,44.8,19.0,36.8
S0546,David Johnson,9,79.7,80.9,70.6,87.7,89.0
S0547,Noah Johnson,10,48.1,61.3,50.7,55.9,51.1
S0548,Michael Smith,9,56.1,51.4,51.0,36.3,35.0
S0549,Noah Taylor,9,82.3,77.7,77.9,82.9,81.7
S0550,John Johnson,8,81.3,84.7,77.8,78.7,74.0
S0551,Sarah Johnson,9,64.0,48.1,51.4,32.0,33.5
S0552,Olivia Wilson,8,91.0,95.9,83.7,99.5,89.0
S0553,Michael Wilson,8,72.6,81.4,64.6,82.0,72.7
S0554,Emma Clark,8,66.2,79.0,78.6,65.6,62.1
S0555,Olivia Smith,10,98.7,92.2,93.7,83.9,92.1
S0556,Ava Wilson,8,63.4,67.0,64.6,60.1,62.7
S0557,Emma Brown,10,59.9,77.0,57.5,73.2,76.8
S0558,Emma Johnson,10,63.3,62.6,50.8,42.7,58.7
S0559,Olivia Lee,8,77.7,72.1,65.2,83.2,68.3
S0560,Ava Johnson,9,56.7,73.1,80.1,71.7,73.8
S0561,John Smith,9,55.8,67.2,59.4,64.9,66.6
S0562,Michael Wilson,9,64.8,55.7,61.5,39.1,62.5
S0563,Noah Taylor,10,70.7,56.6,64.3,66.3,62.7
S0564,Noah Davis,9,58.2,51.9,55.9,69.2,70.4
S0565,David Davis,9,42.7,37.0,40.7,33.4,44.4
S0566,Sarah Davis,9,42.0,34.1,20.9,45.8,53.8
S0567,Noah Taylor,10,80.3,69.3,73.5,75.2,84.8
S0568,David Smith,9,12.9,28.8,22.4,18.6,25.3
S0569,Ava Brown,9,62.0,67.3,75.3,75.5,66.6
S0570,Ava Lee,10,59.9,59.3,42.7,40.1,61.8
S0571,Olivia Brown,10,85.5,76.5,95.6,89.1,84.9
S0572,Olivia Taylor,10,62.1,53.8,64.1,70.5,70.9
S0573,Michael Johnson,10,66.1,80.6,86.0,87.5,76.6
S0574,David Taylor,9,61.9,63.8,58.6,62.2,55.8
S0575,Ava Taylor,10,76.0,61.4,75.3,64.8,63.5
S0576,Michael Lee,8,81.1,78.5,65.4,72.1,67.5
S0577,Sarah Clark,8,59.1,75.6,63.7,55.6,62.5
S0578,Michael Lee,9,80.6,81.2,75.2,85.7,74.8
S0579,John Taylor,10,42.8,44.0,36.3,43.0,58.3
S0580,Sarah Brown,9,69.5,68.7,61.1,76.2,59.8
S0581,David Johnson,9,90.2,80.9,80.2,97.2,81.2
S0582,Noah Lee,9,75.0,74.8,69.4,75.5,85.2
S0583,David Smith,8,88.9,95.8,99.1,85.3,78.8
S0584,John Johnson,9,49.2,41.6,38.7,42.4,69.3
S0585,Olivia Clark,9,44.9,35.6,26.3,49.5,39.9
S0586,Ava Davis,9,46.5,48.3,60.5,49.0,50.6
S0587,Sarah Wilson,9,79.8,74.6,83.2,83.0,80.5
S0588,John Brown,8,77.5,68.8,65.0,69.1,79.2
S0589,Michael Wilson,10,74.1,65.6,67.0,73.7,69.2
S0590,Michael Smith,9,58.8,47.9,55.6,46.2,55.4
S0591,David Clark,8,85.6,84.8,81.0,71.8,81.8
S0592,Ava Johnson,9,38.3,45.0,47.0,42.6,59.9
S0593,Sarah Brown,9,76.7,87.1,92.7,74.4,88.1
S0594,Emma Lee,8,100.0,100.0,100.0,100.0,100.0
S0595,David Smith,8,67.7,75.8,71.5,70.5,78.5
S0596,Sarah Brown,8,65.6,77.7,74.6,79.9,60.3
S0597,Emma Davis,9,54.0,64.4,55.3,53.2,78.4
S0598,David Davis,10,32.6,42.1,33.3,28.0,31.8
S0599,Ava Clark,10,50.4,60.5,56.3,53.9,67.7
S0600,Noah Lee,9,45.4,47.1,48.2,56.7,48.1
S0601,Olivia Johnson,10,51.7,44.2,33.9,38.1,50.7
S0602,Olivia Taylor,8,94.6,100.0,99.4,86.0,87.4
S0603,Ava Clark,10,89.5,64.5,62.0,71.0,74.8
S0604,David Davis,9,72.8,66.4,69.7,75.5,69.4
S0605,Michael Clark,10,58.1,61.9,58.1,73.6,73.1
S0606,David Taylor,10,62.7,66.0,65.5,65.5,66.1
S0607,Sarah Taylor,9,82.9,74.2,63.9,86.0,88.3
S0608,John Smith,8,68.4,64.3,72.0,70.6,47.6
S0609,David Davis,9,90.5,73.1,68.5,64.7,73.2
S0610,Noah Johnson,10,55.5,44.5,72.0,54.6,65.5
S0611,Ava Lee,10,66.8,58.2,56.1,51.3,61.7
S0612,Olivia Davis,10,44.6,41.6,42.5,32.2,50.6
S0613,Sarah Clark,8,21.2,32.5,49.1,40.1,30.8
S0614,John Clark,9,67.4,72.5,59.0,63.5,61.6
S0615,Emma Brown,8,76.4,56.6,76.2,66.9,75.8
S0616,Noah Davis,10,38.0,38.2,45.1,24.1,26.6
S0617,Olivia Davis,10,64.8,44.0,68.2,81.3,69.6
S0618,Ava Brown,8,52.5,62.4,66.8,59.1,63.6
S0619,John Smith,9,20.8,27.7,37.7,47.3,23.6
S0620,Michael Smith,10,59.1,46.7,45.3,39.2,53.5
S0621,David Taylor,10,68.2,80.8,64.0,65.4,81.7
S0622,Olivia Johnson,9,62.7,78.5,66.5,54.0,79.9
S0623,Olivia Clark,8,48.8,47.6,47.7,49.8,45.9
S0624,Noah Johnson,10,63.8,65.0,66.2,59.1,74.9
S0625,Michael Clark,10,78.0,90.0,87.4,73.2,88.7
S0626,Emma Johnson,9,83.7,77.7,88.3,66.9,77.1
S0627,John Taylor,10,54.6,57.3,56.1,70.1,58.3
S0628,Ava Smith,8,50.7,44.2,52.0,63.6,52.8
S0629,Emma Lee,9,56.6,51.8,43.8,69.8,62.0
S0630,David Taylor,8,80.6,78.9,89.1,67.4,72.5
S0631,Michael Clark,10,78.4,86.7,71.0,70.3,60.2
S0632,Sarah Taylor,10,70.1,76.0,79.3,65.2,62.0
S0633,Emma Smith,10,75.0,61.4,56.8,64.8,74.2
S0634,John Brown,9,72.2,69.0,78.5,74.3,74.1
S0635,Olivia Smith,8,81.5,71.3,71.0,70.6,69.6
S0636,Michael Smith,8,68.9,63.8,75.9,86.1,87.9
S0637,Olivia Davis,9,90.0,83.7,87.9,87.3,68.9
S0638,Noah Davis,10,47.3,59.1,71.0,45.8,52.2
S0639,Ava Taylor,8,52.6,40.0,28.9,44.5,35.1
S0640,John Taylor,10,94.8,88.3,81.9,89.7,93.1
S0641,Ava Davis,8,61.4,74.0,62.5,66.9,79.4
S0642,Sarah Taylor,9,33.8,39.3,50.8,32.3,27.3
S0643,Sarah Smith,8,60.2,47.8,62.3,49.5,58.5
S0644,Olivia Wilson,9,86.2,92.6,76.7,91.7,86.0
S0645,John Lee,9,60.4,58.1,61.2,63.4,59.4
S0646,Emma Taylor,8,57.6,63.4,50.7,58.6,56.1
S0647,Sarah Smith,9,93.9,68.5,94.9,85.7,91.2
S0648,Olivia Lee,10,49.7,58.9,45.6,68.2,51.4
S0649,Michael Davis,10,42.3,64.4,50.5,63.1,57.3
S0650,David Smith,8,62.3,69.0,73.7,63.0,73.3
S0651,Noah Johnson,10,73.5,76.1,70.1,69.5,63.8
S0652,Ava Clark,10,83.1,77.8,71.5,71.6,81.3
S0653,David Davis,10,92.9,74.8,80.1,81.1,89.3
S0654,Michael Wilson,9,74.8,73.0,74.9,63.0,70.1
S0655,Sarah Taylor,10,75.5,66.8,86.4,76.7,61.3
S0656,David Brown,9,67.2,56.4,65.9,72.9,60.3
S0657,Noah Taylor,8,61.1,75.4,72.8,55.9,68.0
S0658,Olivia Brown,8,65.9,74.9,65.5,58.1,58.0
S0659,Ava Lee,10,62.2,63.2,63.2,65.0,66.0
S0660,Sarah Johnson,8,67.8,71.9,83.0,74.3,66.5
S0661,John Brown,9,77.0,69.1,75.7,90.3,79.1
S0662,David Clark,10,67.6,72.0,54.7,74.1,67.4
S0663,Noah Wilson,8,58.0,44.5,49.8,60.0,39.3
S0664,Ava Smith,9,70.9,69.3,65.8,64.4,69.3
S0665,Ava Brown,8,66.9,70.9,60.9,62.7,64.5
S0666,Sarah Davis,9,72.9,67.8,80.3,56.9,72.6
S0667,Sarah Taylor,8,100.0,100.0,100.0,100.0,97.6
S0668,David Clark,10,60.3,54.6,68.0,60.9,50.6
S0669,Ava Brown,8,66.3,70.4,74.3,82.4,66.0
S0670,Noah Johnson,10,85.5,74.7,83.1,80.8,78.2
S0671,David Wilson,10,72.3,75.1,59.5,65.8,67.1
S0672,John Lee,10,97.4,96.7,100.0,100.0,100.0
S0673,Emma Clark,10,59.8,62.1,59.5,66.5,57.8
S0674,Noah Davis,8,65.6,70.0,59.6,58.8,67.2
S0675,Ava Lee,10,48.4,44.2,48.3,58.5,49.8
S0676,John Johnson,9,50.8,54.9,57.2,59.6,79.8
S0677,Sarah Clark,10,79.5,80.4,72.7,60.9,63.2
S0678,Emma Johnson,10,87.5,80.6,82.6,62.3,74.5
S0679,Michael Wilson,9,74.8,62.4,65.9,69.4,96.9
S0680,John Brown,9,100.0,88.0,89.3,97.1,88.9
S0681,John Smith,8,62.4,62.7,62.4,77.3,52.8
S0682,Michael Wilson,8,84.3,87.7,37.1,62.9,66.8
S0683,David Smith,9,100.0,100.0,100.0,100.0,100.0
S0684,Michael Johnson,10,73.7,68.7,80.3,71.4,79.0
S0685,Olivia Davis,9,50.7,65.2,40.4,61.5,52.2
S0686,Olivia Brown,9,57.3,39.6,55.2,50.7,50.8
S0687,Sarah Johnson,8,57.0,51.1,63.0,46.2,63.2
S0688,Olivia Clark,9,79.5,96.3,74.3,75.0,84.9
S0689,Olivia Taylor,9,73.8,58.6,59.6,43.1,67.4
S0690,David Lee,10,69.4,53.6,57.0,77.7,70.9
S0691,Olivia Brown,10,66.5,61.2,77.4,59.3,60.8
S0692,Michael Clark,9,69.8,88.7,76.4,70.7,82.0
S0693,Sarah Wilson,10,55.2,54.9,52.2,42.4,61.5
S0694,David Brown,9,47.1,41.5,59.0,46.6,49.3
S0695,Olivia Clark,10,64.1,63.5,74.3,83.1,83.4
S0696,Michael Lee,9,68.8,70.5,68.0,91.8,81.8
S0697,Olivia Davis,8,92.1,73.6,65.5,57.4,72.4
S0698,Emma Lee,9,50.3,63.2,56.4,49.6,54.5
S0699,David Davis,8,64.6,84.7,71.2,68.0,77.3
S0700,John Brown,8,47.9,57.1,36.6,61.4,43.5
S0701,Noah Wilson,10,56.6,46.4,56.6,59.3,56.3
S0702,Michael Brown,10,54.7,39.7,38.5,45.2,52.1
S0703,Emma Wilson,8,90.7,90.5,99.1,86.8,82.9
S0704,Michael Taylor,10,80.9,64.8,76.9,71.7,78.2
S0705,John Brown,8,69.9,73.3,67.8,88.0,75.3
S0706,John Lee,8,88.1,87.8,79.8,89.7,91.5
S0707,Michael Taylor,10,100.0,100.0,95.3,100.0,100.0
S0708,David Taylor,8,33.1,29.9,29.3,16.7,39.4
S0709,Ava Johnson,10,46.2,52.8,61.7,53.1,42.6
S0710,Noah Johnson,10,46.0,59.6,73.4,72.2,69.9
S0711,Olivia Clark,8,60.3,60.3,57.6,62.4,50.7
S0712,David Davis,8,53.7,53.0,47.4,33.4,47.5
S0713,Michael Taylor,10,68.4,61.2,57.1,58.1,57.9
S0714,Ava Clark,9,46.2,40.0,38.3,36.3,42.0
S0715,Michael Taylor,9,77.0,62.2,87.2,84.4,83.1
S0716,Sarah Wilson,9,52.1,62.1,64.7,68.2,77.3
S0717,Emma Lee,9,80.0,76.4,90.0,67.0,76.7
S0718,Michael Smith,10,74.9,76.2,84.7,73.8,72.7
S0719,Sarah Davis,9,80.1,58.2,61.1,54.2,80.0
S0720,Michael Clark,8,62.5,53.1,54.1,50.7,60.0
S0721,Noah Lee,9,91.4,100.0,94.0,99.6,97.8
S0722,Olivia Johnson,10,57.2,69.8,68.5,75.9,71.9
S0723,Emma Smith,8,29.9,24.3,35.1,20.1,32.1
S0724,Olivia Clark,9,53.9,68.2,73.3,46.3,51.4
S0725,Ava Smith,10,43.1,37.3,28.9,45.6,39.2
S0726,Michael Smith,9,54.7,68.8,67.5,54.1,70.5
S0727,John Wilson,8,55.6,66.6,68.4,65.3,58.5
S0728,David Smith,8,52.1,55.0,57.9,58.4,63.6
S0729,Olivia Johnson,9,94.7,91.8,98.5,100.0,90.3
S0730,Michael Lee,9,63.3,91.2,65.8,72.3,69.6
S0731,Noah Brown,10,65.6,85.0,77.9,75.6,72.8
S0732,John Smith,9,43.9,57.1,54.6,57.3,41.9
S0733,Noah Smith,10,50.1,54.0,52.0,38.8,57.5
S0734,Ava Johnson,8,56.5,58.0,70.6,64.2,58.2
S0735,Noah Smith,9,67.2,78.4,79.5,64.5,62.6
S0736,Olivia Davis,8,44.2,29.0,43.2,34.6,45.7
S0737,Sarah Wilson,9,52.1,64.8,63.1,69.3,58.0
S0738,Olivia Brown,8,64.0,52.5,56.3,70.1,64.1
S0739,Sarah Johnson,9,70.2,45.6,57.2,56.0,53.9
S0740,Emma Johnson,9,49.0,54.9,50.6,53.5,59.0
S0741,Emma Smith,8,52.2,50.3,58.8,68.7,63.5
S0742,Michael Smith,8,71.9,46.7,58.7,55.9,68.5
S0743,Sarah Taylor,9,64.4,71.2,59.4,68.0,71.2
S0744,Emma Smith,10,83.9,92.0,65.6,73.5,75.7
S0745,John Lee,8,86.1,93.8,69.5,82.2,78.5
S0746,Michael Johnson,9,57.9,58.6,58.8,47.6,54.2
S0747,John Brown,8,61.9,58.2,46.3,69.4,68.4
S0748,Sarah Johnson,10,75.0,79.5,64.4,66.2,78.5
S0749,David Taylor,9,83.3,84.2,72.0,83.4,69.6
S0750,Sarah Taylor,10,54.1,55.7,47.8,53.5,58.8
S0751,David Brown,8,78.4,78.3,81.1,73.0,75.6
S0752,Emma Brown,8,80.6,83.5,87.0,90.8,72.0
S0753,David Wilson,9,91.7,90.5,81.7,94.0,87.5
S0754,Olivia Johnson,9,85.7,92.8,90.4,95.5,90.5
S0755,Noah Davis,10,59.7,50.6,55.8,57.6,43.9
S0756,Michael Wilson,10,69.4,76.7,59.9,63.3,53.8
S0757,Ava Brown,10,55.0,75.3,59.3,65.5,53.1
S0758,Emma Clark,9,73.5,67.7,73.4,58.5,60.9
S0759,Sarah Smith,9,72.9,68.8,62.1,62.2,54.3
S0760,Sarah Johnson,9,49.6,38.5,46.4,36.1,34.6
S0761,Noah Davis,8,78.3,79.9,74.3,78.8,72.1
S0762,Emma Wilson,9,53.8,57.4,37.3,50.6,52.6
S0763,David Smith,9,53.5,92.9,77.6,66.9,71.4
S0764,Michael Wilson,8,37.9,43.2,55.8,58.8,51.2
S0765,John Clark,8,49.8,42.3,55.9,48.0,41.5
S0766,John Smith,9,64.4,72.5,72.2,66.8,70.1
S0767,Olivia Wilson,9,60.5,71.0,68.2,67.6,57.7
S0768,Noah Smith,10,74.2,90.3,72.5,81.8,79.0
S0769,Emma Smith,9,100.0,95.0,100.0,95.1,92.9
S0770,Ava Lee,10,58.2,77.1,67.3,68.8,77.2
S0771,Sarah Wilson,9,69.6,82.5,80.1,73.2,70.5
S0772,John Lee,8,60.2,53.8,35.5,55.1,56.7
S0773,Emma Lee,8,36.2,37.1,40.5,44.0,35.8
S0774,Ava Taylor,10,97.7,100.0,100.0,100.0,85.3
S0775,Sarah Smith,9,46.7,60.5,45.6,49.4,53.7
S0776,Michael Taylor,8,53.1,53.5,46.8,46.8,58.1
S0777,David Lee,9,73.6,66.4,57.7,63.4,78.1
S0778,Sarah Wilson,10,69.9,65.8,66.6,53.4,64.3
S0779,Olivia Taylor,9,58.2,50.3,45.1,42.7,65.7
S0780,Olivia Taylor,8,51.3,65.6,59.0,56.3,58.2
S0781,Michael Brown,8,94.0,85.3,91.9,94.2,93.9
S0782,Emma Clark,10,45.7,45.7,46.9,52.2,45.0
S0783,David Johnson,10,45.2,34.7,49.4,39.2,46.5
S0784,Olivia Lee,10,82.5,74.5,87.1,90.3,61.7
S0785,Olivia Clark,10,77.2,75.1,81.7,85.7,64.3
S0786,John Brown,8,58.2,55.3,56.6,65.5,59.2
S0787,Ava Taylor,8,33.3,41.8,66.0,33.3,29.6
S0788,Emma Brown,8,42.7,57.5,61.9,49.5,56.9
S0789,David Taylor,8,71.5,59.5,67.1,79.0,71.8
S0790,John Lee,10,85.5,95.8,77.0,86.0,80.0
S0791,Michael Wilson,10,58.0,46.7,48.0,46.7,41.1
S0792,David Johnson,8,63.7,60.6,75.5,69.8,60.3
S0793,Ava Brown,10,65.0,80.1,89.9,84.3,68.5
S0794,Noah Smith,9,35.0,12.6,39.1,22.7,26.5
S0795,Noah Smith,8,79.0,75.6,88.2,83.7,82.8
S0796,Ava Brown,10,49.2,54.3,36.4,53.9,44.0
S0797,Sarah Smith,10,65.5,56.8,74.6,61.4,84.1
S0798,Ava Wilson,9,82.5,78.3,59.4,69.4,63.6
S0799,Ava Davis,10,75.7,94.8,70.9,73.8,93.9
S0800,Noah Davis,9,71.5,71.3,76.1,66.3,65.9
S0801,Michael Davis,10,28.2,29.7,31.5,22.9,27.9
S0802,Noah Brown,9,44.1,61.8,60.1,56.7,62.3
S0803,John Clark,10,70.3,63.9,71.6,65.0,76.7
S0804,Emma Lee,8,75.2,69.2,66.5,57.1,58.9
S0805,Emma Wilson,8,69.1,67.7,65.2,73.5,77.5
S0806,Noah Wilson,10,81.2,74.2,77.2,68.9,81.4
S0807,Ava Davis,8,53.1,68.7,63.1,78.6,70.8
S0808,John Wilson,8,61.7,64.7,45.9,71.0,66.9
S0809,Noah Lee,10,33.4,45.1,41.8,35.2,50.8
S0810,John Clark,8,51.6,56.6,52.1,56.5,61.9
S0811,Michael Smith,9,80.7,61.9,79.0,75.0,76.6
S0812,Olivia Smith,8,45.3,39.3,56.8,31.7,53.3
S0813,David Clark,8,74.1,78.7,70.5,79.8,63.8
S0814,David Lee,10,76.9,94.7,84.7,100.0,83.6
S0815,Sarah Wilson,8,52.1,70.6,62.1,66.4,59.3
S0816,David Clark,8,7.3,13.3,1.6,15.4,11.7
S0817,John Clark,10,52.6,51.1,45.9,50.9,62.2
S0818,Sarah Lee,10,78.7,93.7,91.8,100.0,93.6
S0819,Emma Lee,8,50.5,53.6,53.1,64.5,50.7
S0820,Emma Brown,10,30.5,26.0,49.5,16.4,42.9
S0821,Ava Smith,9,99.1,96.4,73.0,89.7,77.6
S0822,Sarah Lee,10,71.8,45.3,68.7,86.2,62.0
S0823,Emma Brown,8,78.6,89.5,75.1,88.1,93.1
S0824,Michael Davis,10,80.3,66.1,77.1,60.6,70.2
S0825,Olivia Taylor,9,66.8,69.5,75.1,75.0,60.2
S0826,Emma Smith,10,79.3,84.7,74.2,61.0,75.6
S0827,John Lee,9,65.7,70.8,69.0,86.4,73.4
S0828,Emma Wilson,10,100.0,96.4,95.7,94.2,100.0
S0829,Noah Taylor,9,77.7,79.9,88.4,81.5,76.1
S0830,Noah Brown,8,31.9,43.4,54.3,33.3,48.5
S0831,David Lee,10,70.8,69.0,76.4,68.2,86.8
S0832,Emma Lee,10,85.9,71.1,76.5,95.6,76.9
S0833,David Johnson,8,80.7,77.7,87.4,85.5,83.1
S0834,Noah Davis,9,63.0,68.8,78.0,54.1,61.7
S0835,David Davis,9,79.4,84.6,84.9,74.9,77.2
S0836,Noah Lee,9,85.2,83.9,91.9,65.3,82.4
S0837,Michael Taylor,10,100.0,100.0,100.0,96.6,100.0
S0838,Ava Clark,10,52.9,48.1,53.1,54.3,51.4
S0839,Emma Johnson,8,53.8,70.7,62.2,65.1,57.7
S0840,Olivia Lee,10,61.7,59.0,63.7,56.0,61.1
S0841,Olivia Smith,9,62.0,54.0,51.4,70.1,58.9
S0842,John Taylor,10,67.7,59.9,44.7,45.4,46.4
S0843,Michael Lee,10,28.7,15.4,29.1,19.3,16.8
S0844,Sarah Johnson,9,66.3,53.7,68.0,49.8,57.5
S0845,Olivia Smith,9,96.0,71.4,83.4,79.2,71.0
S0846,Noah Clark,9,61.6,57.5,71.9,74.3,54.0
S0847,Ava Johnson,10,100.0,98.4,97.4,82.3,99.0
S0848,Emma Davis,9,71.2,82.3,63.1,62.8,51.1
S0849,Sarah Wilson,8,78.0,88.7,96.9,96.2,80.2
S0850,Michael Clark,9,66.0,50.6,75.3,58.0,67.3
S0851,Michael Wilson,8,74.6,81.2,70.8,83.2,71.8
S0852,Ava Wilson,9,75.0,70.2,61.6,79.6,82.9
S0853,Olivia Taylor,8,85.9,87.6,91.2,87.9,87.5
S0854,Olivia Clark,8,67.4,68.3,64.9,70.7,67.7
S0855,Emma Wilson,10,82.0,73.1,73.1,87.4,69.5
S0856,Michael Johnson,8,78.2,70.8,79.8,86.8,71.1
S0857,Olivia Davis,9,59.5,65.7,66.9,60.3,51.1
S0858,Ava Clark,10,66.5,67.5,82.5,67.6,70.5
S0859,Ava Johnson,10,100.0,93.6,85.7,93.8,93.7
S0860,Sarah Lee,9,67.3,85.3,63.1,68.9,58.9
S0861,John Davis,8,59.3,66.4,77.7,61.1,51.6
S0862,Ava Davis,10,83.0,86.3,73.3,83.5,76.5
S0863,David Taylor,10,85.0,71.7,78.4,84.5,95.4
S0864,Olivia Lee,9,71.8,66.5,58.9,61.6,72.2
S0865,Sarah Smith,8,34.5,19.8,27.4,29.5,37.8
S0866,Noah Clark,8,75.9,70.1,86.7,94.2,84.8
S0867,Ava Taylor,8,34.6,38.2,46.1,28.9,35.3
S0868,Noah Taylor,8,89.4,92.7,82.4,85.4,85.3
S0869,David Smith,10,62.7,72.7,72.3,76.2,59.8
S0870,John Wilson,8,79.3,67.2,85.9,83.3,90.6
S0871,Sarah Davis,8,51.1,65.7,54.1,62.5,51.5
S0872,Sarah Smith,10,40.3,31.0,43.8,41.9,60.5
S0873,Emma Clark,10,54.5,81.8,72.0,67.6,66.7
S0874,Olivia Johnson,8,61.7,73.0,78.4,50.6,80.6
S0875,Noah Davis,9,58.0,62.2,66.4,44.6,56.3
S0876,Olivia Clark,9,64.5,59.9,58.3,52.1,77.4
S0877,Ava Johnson,9,100.0,100.0,100.0,100.0,100.0
S0878,Ava Brown,10,82.7,75.0,85.9,67.9,70.6
S0879,Michael Lee,10,73.6,82.4,84.7,92.2,78.3
S0880,David Lee,10,65.9,76.9,88.0,79.1,70.6
S0881,Sarah Johnson,8,86.3,72.8,90.6,87.1,79.2
S0882,John Lee,8,68.5,71.3,64.0,55.6,67.7
S0883,David Clark,9,46.0,31.9,33.5,37.5,31.0
S0884,David Johnson,8,68.6,58.5,46.2,55.9,62.8
S0885,John Wilson,9,66.6,73.9,77.7,70.5,82.8
S0886,Michael Johnson,8,48.0,52.8,44.5,59.4,35.0
S0887,Michael Johnson,10,64.6,55.4,53.1,65.4,72.9
S0888,Noah Wilson,8,55.8,36.3,65.8,52.5,51.5
S0889,Michael Wilson,8,93.7,92.7,93.5,94.6,93.7
S0890,Michael Davis,8,70.1,81.5,77.2,77.5,82.4
S0891,John Brown,8,76.3,74.2,71.3,78.9,86.8
S0892,John Clark,9,78.7,66.2,77.7,68.8,74.5
S0893,Ava Wilson,9,71.4,65.5,72.7,81.4,47.8
S0894,Emma Smith,10,62.1,56.8,61.9,63.9,69.0
S0895,Sarah Taylor,8,43.7,38.2,46.4,58.9,48.0
S0896,David Clark,9,8.8,24.4,37.4,28.9,22.1
S0897,Michael Brown,9,62.8,74.6,52.3,74.3,69.0
S0898,Sarah Wilson,9,66.4,67.7,70.1,76.5,67.7
S0899,Olivia Wilson,10,76.6,81.2,81.3,93.9,74.0
S0900,Sarah Lee,8,91.9,100.0,89.5,83.8,95.9
S0901,John Johnson,9,90.1,93.3,86.5,99.1,86.0
S0902,Sarah Brown,10,31.4,52.1,50.5,64.2,46.2
S0903,Emma Smith,10,61.5,56.8,75.2,57.7,56.1
S0904,John Johnson,9,65.7,68.3,70.5,73.4,83.0
S0905,John Clark,9,100.0,88.4,100.0,100.0,100.0
S0906,Emma Davis,10,78.8,96.8,100.0,86.3,89.7
S0907,Ava Johnson,9,83.6,86.9,78.9,97.0,79.8
S0908,Olivia Smith,10,56.9,57.8,73.7,51.2,62.9
S0909,Emma Brown,8,53.7,50.2,51.3,43.7,62.1
S0910,Emma Brown,9,79.0,83.9,92.3,90.9,83.2
S0911,Michael Taylor,8,45.7,35.4,53.8,52.8,53.3
S0912,Michael Clark,8,49.3,56.9,64.0,78.5,66.4
S0913,Noah Clark,9,51.7,54.5,63.0,60.0,52.5
S0914,John Clark,8,86.2,100.0,85.9,91.9,83.9
S0915,David Clark,9,59.7,66.7,60.3,54.4,58.1
S0916,Michael Clark,9,21.5,8.8,33.6,27.5,20.6
S0917,David Smith,9,78.5,61.4,73.4,59.3,65.0
S0918,Sarah Wilson,10,52.0,53.2,51.7,59.7,39.2
S0919,Olivia Brown,10,58.4,62.3,64.1,68.7,55.3
S0920,Emma Lee,9,61.8,53.4,72.0,63.6,62.0
S0921,Sarah Smith,8,62.8,76.6,70.8,57.9,60.5
S0922,Noah Taylor,10,80.6,80.5,72.7,70.9,71.7
S0923,Ava Lee,8,55.9,44.7,35.5,46.7,41.5
S0924,Sarah Lee,9,51.8,51.6,60.2,47.8,53.7
S0925,David Wilson,9,75.8,82.1,88.6,80.4,85.1
S0926,John Brown,8,59.0,52.5,64.7,72.2,54.3
S0927,Sarah Wilson,9,39.5,37.4,29.6,51.5,45.2
S0928,John Taylor,8,72.1,81.0,74.0,64.1,77.7
S0929,Michael Lee,8,71.0,70.3,75.9,79.1,72.2
S0930,David Davis,9,60.6,77.5,62.5,68.1,64.0
S0931,Ava Brown,8,25.4,35.5,46.9,33.5,24.1
S0932,Noah Brown,10,62.9,86.9,65.3,65.5,75.8
S0933,Noah Johnson,8,32.5,30.2,25.9,41.9,32.9
S0934,John Taylor,9,62.0,63.0,63.7,70.3,73.4
S0935,John Taylor,10,55.9,41.9,53.5,66.5,40.5
S0936,John Wilson,8,51.7,48.8,51.8,44.8,47.0
S0937,David Clark,10,51.1,58.9,61.8,67.7,62.9
S0938,Sarah Smith,10,60.4,58.8,71.9,52.3,69.7
S0939,Emma Clark,10,40.2,47.0,41.0,46.9,49.0
S0940,Ava Smith,8,70.9,64.7,84.3,80.6,75.0
S0941,Sarah Brown,10,61.5,57.9,55.8,66.9,59.7
S0942,Emma Taylor,10,87.7,77.4,86.9,73.4,93.5
S0943,David Wilson,10,64.2,64.4,59.3,70.1,58.0
S0944,Ava Johnson,8,62.7,66.6,54.3,43.2,47.0
S0945,John Johnson,10,39.4,50.9,53.4,50.1,74.0
S0946,Emma Wilson,8,29.1,49.2,48.3,45.7,36.9
S0947,Olivia Davis,9,75.7,65.8,57.4,66.6,54.9
S0948,Emma Taylor,9,73.1,61.7,60.0,57.7,55.1
S0949,David Taylor,9,31.4,27.0,18.8,18.4,5.3
S0950,Ava Brown,9,56.5,43.2,60.9,51.6,58.8
S0951,David Lee,8,33.4,62.4,57.2,65.0,57.5
S0952,Ava Wilson,9,74.4,89.5,100.0,91.2,83.3
S0953,Michael Wilson,10,39.2,44.1,33.9,30.1,34.4
S0954,Michael Wilson,9,39.5,36.3,49.8,39.8,49.7
S0955,John Clark,8,74.3,81.8,94.0,70.4,69.2
S0956,John Clark,10,87.6,80.2,74.0,79.0,76.5
S0957,John Taylor,8,54.4,63.4,58.4,64.4,51.7
S0958,Michael Lee,9,62.8,57.8,63.0,54.1,49.3
S0959,Michael Johnson,9,76.4,78.2,73.2,90.4,72.9
S0960,Sarah Lee,9,38.0,39.0,18.5,27.4,18.1
S0961,Sarah Lee,10,35.7,44.9,43.2,35.3,37.3
S0962,Noah Johnson,9,60.0,67.0,51.3,66.0,59.7
S0963,Michael Wilson,10,98.7,78.8,88.8,68.8,94.6
S0964,Michael Wilson,8,50.6,52.9,58.1,60.1,60.0
S0965,Emma Clark,10,89.5,59.0,72.7,66.6,68.7
S0966,John Johnson,9,86.5,89.4,78.5,95.4,72.0
S0967,Noah Clark,8,100.0,100.0,93.6,100.0,100.0
S0968,Emma Wilson,8,60.4,45.0,57.0,47.1,53.5
S0969,Michael Lee,10,80.1,63.6,73.2,75.1,63.8
S0970,Olivia Wilson,9,100.0,82.6,100.0,92.5,100.0
S0971,Emma Brown,9,28.2,40.6,29.0,33.8,35.3
S0972,Noah Smith,8,93.1,68.6,84.4,83.4,92.7
S0973,Sarah Smith,9,46.4,53.3,40.4,47.5,60.7
S0974,Emma Clark,10,67.9,70.1,75.2,79.3,73.1
S0975,John Brown,8,51.3,76.8,54.0,64.2,53.7
S0976,Olivia Lee,9,54.3,56.9,44.7,51.7,32.6
S0977,John Johnson,9,44.5,46.3,45.0,56.9,58.3
S0978,Olivia Johnson,10,70.6,76.4,69.2,78.6,70.7
S0979,David Lee,8,79.1,70.1,83.9,87.6,75.4
S0980,Ava Wilson,9,78.7,55.6,67.2,74.7,72.7
S0981,Noah Clark,10,82.4,69.2,66.5,71.4,59.6
S0982,Emma Taylor,8,74.9,57.3,63.9,75.9,71.1
S0983,Noah Davis,10,50.4,49.6,55.7,59.8,54.1
S0984,Michael Johnson,10,74.2,69.1,76.8,76.5,68.3
S0985,Noah Wilson,10,87.4,79.3,87.8,78.8,77.6
S0986,Noah Clark,9,100.0,98.4,100.0,100.0,100.0
S0987,Ava Brown,10,56.0,62.8,46.6,72.4,61.1
S0988,David Smith,10,65.9,58.2,57.8,58.0,68.1
S0989,Olivia Brown,10,73.4,88.9,88.1,74.1,86.8
S0990,John Taylor,9,78.2,78.6,79.8,90.2,78.6
S0991,Ava Lee,9,44.2,50.7,55.2,63.2,38.1
S0992,John Taylor,9,64.6,57.0,52.0,61.5,50.1
S0993,Ava Taylor,8,89.6,63.3,88.1,71.5,80.2
S0994,Noah Wilson,10,57.9,55.4,43.9,54.8,39.8
S0995,Emma Clark,10,70.5,63.6,53.0,58.7,56.2
S0996,David Johnson,9,60.1,86.6,71.4,61.5,69.5
S0997,Michael Davis,8,83.2,76.4,66.5,82.4,93.1
S0998,Noah Smith,9,48.2,53.6,65.9,57.8,51.1
S0999,David Clark,9,34.1,31.3,40.9,32.9,30.8
S1000,Michael Brown,9,40.9,36.4,41.9,42.0,34.3
